anchor_category,recommended_category,co_orders,anchor_orders,recommended_orders,support,confidence_anchor_to_recommended,confidence_recommended_to_anchor,lift
fashion_esporte,fashion_roupa_feminina,1,26,36,1.051215204776722e-05,0.038461538461538464,0.027777777777777776,101.63247863247864
construcao_ferramentas_jardim,flores,1,190,29,1.051215204776722e-05,0.005263157894736842,0.034482758620689655,17.264609800362976
fashion_bolsas_e_acessorios,fashion_roupa_infanto_juvenil,2,1821,7,2.102430409553444e-05,0.001098297638660077,0.2857142857142857,14.925551110065113
livros_tecnicos,musica,1,256,38,1.051215204776722e-05,0.00390625,0.02631578947368421,9.778782894736842
casa_conforto_2,instrumentos_musicais,1,24,611,1.051215204776722e-05,0.041666666666666664,0.0016366612111292963,6.487179487179487
cool_stuff,pc_gamer,1,3556,7,1.051215204776722e-05,0.00028121484814398203,0.14285714285714285,3.821629439177246
bebes,la_cuisine,1,2808,13,1.051215204776722e-05,0.00035612535612535614,0.07692307692307693,2.605960990576375
casa_construcao,construcao_ferramentas_seguranca,2,483,158,2.102430409553444e-05,0.004140786749482402,0.012658227848101266,2.4930681133212778
ferramentas_jardim,la_cuisine,1,3447,13,1.051215204776722e-05,0.0002901073397156948,0.07692307692307693,2.1228716163442014
construcao_ferramentas_iluminacao,construcao_ferramentas_jardim,1,242,190,1.051215204776722e-05,0.004132231404958678,0.005263157894736842,2.0688995215311006
fashion_bolsas_e_acessorios,fashion_esporte,1,1821,26,1.051215204776722e-05,0.0005491488193300384,0.038461538461538464,2.0092088032779962
construcao_ferramentas_jardim,livros_tecnicos,1,190,256,1.051215204776722e-05,0.005263157894736842,0.00390625,1.9557565789473683
livros_interesse_geral,market_place,2,495,274,2.102430409553444e-05,0.00404040404040404,0.0072992700729927005,1.402757502027575
artes_e_artesanato,ferramentas_jardim,1,23,3447,1.051215204776722e-05,0.043478260869565216,0.0002901073397156948,1.1998839570641138
cama_mesa_banho,casa_conforto,43,9271,392,0.0004520225380539904,0.004638118865278826,0.1096938775510204,1.1255483964700108
artes_e_artesanato,brinquedos,1,23,3804,1.051215204776722e-05,0.043478260869565216,0.0002628811777076761,1.0872765509989484
automotivo,casa_conforto_2,1,3809,24,1.051215204776722e-05,0.00026253609871357313,0.041666666666666664,1.0406055832676993
casa_construcao,construcao_ferramentas_jardim,1,483,190,1.051215204776722e-05,0.002070393374741201,0.005263157894736842,1.0365914786967418
alimentos,telefonia_fixa,1,441,212,1.051215204776722e-05,0.0022675736961451248,0.0047169811320754715,1.0174988234287425
casa_construcao,construcao_ferramentas_iluminacao,1,483,242,1.051215204776722e-05,0.002070393374741201,0.004132231404958678,0.8138528138528138
musica,perfumaria,1,38,3088,1.051215204776722e-05,0.02631578947368421,0.0003238341968911917,0.8106763021543496
construcao_ferramentas_iluminacao,moveis_decoracao,11,242,6303,0.00011563367252543941,0.045454545454545456,0.0017452006980802793,0.6860225289544661
cool_stuff,tablets_impressao_imagem,2,3556,79,2.102430409553444e-05,0.0005624296962879641,0.02531645569620253,0.6772507866896385
instrumentos_musicais,market_place,1,611,274,1.051215204776722e-05,0.0016366612111292963,0.0036496350364963502,0.5682201010668164
moveis_escritorio,moveis_sala,3,1254,414,3.1536456143301656e-05,0.0023923444976076554,0.007246376811594203,0.5497076023391813
construcao_ferramentas_construcao,moveis_cozinha_area_de_servico_jantar_e_jardim,1,736,241,1.051215204776722e-05,0.001358695652173913,0.004149377593360996,0.5363070539419087
flores,moveis_decoracao,1,29,6303,1.051215204776722e-05,0.034482758620689655,0.00015865460891638903,0.5204308840344226
cine_foto,cool_stuff,1,63,3556,1.051215204776722e-05,0.015873015873015872,0.00028121484814398203,0.4246254932419162
casa_construcao,moveis_decoracao,13,483,6303,0.00013665797662097383,0.026915113871635612,0.0020625099159130573,0.40621623867697165
casa_construcao,ferramentas_jardim,7,483,3447,7.358506433437053e-05,0.014492753623188406,0.0020307513780098638,0.3999613190213712
artes,moveis_decoracao,5,195,6303,5.2560760238836095e-05,0.02564102564102564,0.0007932730445819451,0.38698706761533985
bebes,moveis_quarto,1,2808,90,1.051215204776722e-05,0.00035612535612535614,0.011111111111111112,0.37641658752769863
cine_foto,telefonia,1,63,4092,1.051215204776722e-05,0.015873015873015872,0.00024437927663734115,0.36900494965011094
construcao_ferramentas_seguranca,cool_stuff,2,158,3556,2.102430409553444e-05,0.012658227848101266,0.0005624296962879641,0.3386253933448192
industria_comercio_e_negocios,moveis_escritorio,1,231,1254,1.051215204776722e-05,0.004329004329004329,0.0007974481658692185,0.328396749449381
audio,relogios_presentes,6,348,5493,6.307291228660331e-05,0.017241379310344827,0.0010922992900054614,0.298586916263332
construcao_ferramentas_jardim,pet_shop,1,190,1688,1.051215204776722e-05,0.005263157894736842,0.0005924170616113745,0.29660763282614117
dvds_blu_ray,utilidades_domesticas,1,56,5743,1.051215204776722e-05,0.017857142857142856,0.00017412502176562773,0.2957886619735827
bebes,fashion_calcados,2,2808,235,2.102430409553444e-05,0.0007122507122507123,0.00851063829787234,0.2883190883190883
artigos_de_festas,cama_mesa_banho,1,38,9271,1.051215204776722e-05,0.02631578947368421,0.00010786322942508899,0.27002140233552274
dvds_blu_ray,informatica_acessorios,1,56,6529,1.051215204776722e-05,0.017857142857142856,0.00015316281206922958,0.2601798569021727
moveis_decoracao,moveis_sala,7,6303,414,7.358506433437053e-05,0.0011105822624147231,0.016908212560386472,0.25518712429707197
bebes,sinalizacao_e_seguranca,1,2808,138,1.051215204776722e-05,0.00035612535612535614,0.007246376811594203,0.24548907882241217
casa_conforto,moveis_decoracao,6,392,6303,6.307291228660331e-05,0.015306122448979591,0.0009519276534983341,0.23100758628058554
artes,papelaria,1,195,2264,1.051215204776722e-05,0.005128205128205128,0.00044169611307420494,0.2154752197155024
bebes,construcao_ferramentas_seguranca,1,2808,158,1.051215204776722e-05,0.00035612535612535614,0.006329113924050633,0.2144145118828663
malas_acessorios,papelaria,5,1019,2264,5.2560760238836095e-05,0.004906771344455349,0.002208480565371025,0.2061710885403482
cine_foto,esporte_lazer,1,63,7528,1.051215204776722e-05,0.015873015873015872,0.00013283740701381508,0.20058026753032066
artigos_de_natal,automotivo,1,125,3809,1.051215204776722e-05,0.008,0.00026253609871357313,0.19979627198739827
bebes,cool_stuff,20,2808,3556,0.00021024304095534438,0.007122507122507123,0.00562429696287964,0.19053708030085983
construcao_ferramentas_construcao,ferramentas_jardim,5,736,3447,5.2560760238836095e-05,0.006793478260869565,0.001450536698578474,0.18748186829126776
informatica_acessorios,tablets_impressao_imagem,1,6529,79,1.051215204776722e-05,0.00015316281206922958,0.012658227848101266,0.18443129096862876
bebes,brinquedos,19,2808,3804,0.00019973088890757717,0.006766381766381766,0.004994742376445847,0.169209349282956
moveis_decoracao,moveis_quarto,1,6303,90,1.051215204776722e-05,0.00015865460891638903,0.011111111111111112,0.16769439596664729
market_place,moveis_decoracao,3,274,6303,3.1536456143301656e-05,0.010948905109489052,0.00047596382674916705,0.1652463025948714
construcao_ferramentas_iluminacao,esporte_lazer,3,242,7528,3.1536456143301656e-05,0.012396694214876033,0.00039851222104144525,0.15665153125301903
instrumentos_musicais,malas_acessorios,1,611,1019,1.051215204776722e-05,0.0016366612111292963,0.0009813542688910696,0.1527893107873481
alimentos_bebidas,utilidades_domesticas,2,221,5743,2.102430409553444e-05,0.00904977375565611,0.00034825004353125546,0.14990194633955325
construcao_ferramentas_jardim,ferramentas_jardim,1,190,3447,1.051215204776722e-05,0.005263157894736842,0.0002901073397156948,0.14524911059197165
bebes,construcao_ferramentas_iluminacao,1,2808,242,1.051215204776722e-05,0.00035612535612535614,0.004132231404958678,0.13998963998963998
moveis_cozinha_area_de_servico_jantar_e_jardim,utilidades_domesticas,2,241,5743,2.102430409553444e-05,0.008298755186721992,0.00034825004353125546,0.13746195079270235
industria_comercio_e_negocios,moveis_decoracao,2,231,6303,2.102430409553444e-05,0.008658008658008658,0.00031730921783277807,0.1306709578960888
alimentos,pet_shop,1,441,1688,1.051215204776722e-05,0.0022675736961451248,0.0005924170616113745,0.1277901365917615
construcao_ferramentas_jardim,telefonia,1,190,4092,1.051215204776722e-05,0.005263157894736842,0.00024437927663734115,0.12235427277872099
market_place,utilidades_domesticas,2,274,5743,2.102430409553444e-05,0.0072992700729927005,0.00034825004353125546,0.12090631438336229
bebidas,utilidades_domesticas,2,287,5743,2.102430409553444e-05,0.006968641114982578,0.00034825004353125546,0.11542972174578839
bebidas,beleza_saude,3,287,8648,3.1536456143301656e-05,0.010452961672473868,0.0003469010175763182,0.11498257839721254
alimentos_bebidas,esporte_lazer,2,221,7528,2.102430409553444e-05,0.00904977375565611,0.00026567481402763017,0.11435798058289776
construcao_ferramentas_iluminacao,ferramentas_jardim,1,242,3447,1.051215204776722e-05,0.004132231404958678,0.0002901073397156948,0.11403855790278766
cama_mesa_banho,moveis_quarto,1,9271,90,1.051215204776722e-05,0.00010786322942508899,0.011111111111111112,0.11400903654166517
cama_mesa_banho,moveis_decoracao,70,9271,6303,0.0007358506433437054,0.007550426059756229,0.011105822624147232,0.11395477236434881
market_place,perfumaria,1,274,3088,1.051215204776722e-05,0.0036496350364963502,0.0003238341968911917,0.11242956015279301
telefonia,telefonia_fixa,1,4092,212,1.051215204776722e-05,0.00024437927663734115,0.0047169811320754715,0.10965713126394806
cama_mesa_banho,construcao_ferramentas_jardim,2,9271,190,2.102430409553444e-05,0.00021572645885017797,0.010526315789473684,0.1080085609342091
brinquedos,moveis_cozinha_area_de_servico_jantar_e_jardim,1,3804,241,1.051215204776722e-05,0.0002628811777076761,0.004149377593360996,0.1037649820455428
automotivo,construcao_ferramentas_construcao,3,3809,736,3.1536456143301656e-05,0.0007876082961407193,0.004076086956521739,0.10179837227618797
construcao_ferramentas_seguranca,informatica_acessorios,1,158,6529,1.051215204776722e-05,0.006329113924050633,0.00015316281206922958,0.09221564548431438
bebidas,esporte_lazer,2,287,7528,2.102430409553444e-05,0.006968641114982578,0.00026567481402763017,0.08805962964745785
automotivo,bebidas,1,3809,287,1.051215204776722e-05,0.00026253609871357313,0.003484320557491289,0.0870192822244766
alimentos,eletronicos,1,441,2517,1.051215204776722e-05,0.0022675736961451248,0.0003972983710766786,0.0857011325255834
fashion_bolsas_e_acessorios,instrumentos_musicais,1,1821,611,1.051215204776722e-05,0.0005491488193300384,0.0016366612111292963,0.08549824694799983
moveis_decoracao,pcs,1,6303,177,1.051215204776722e-05,0.00015865460891638903,0.005649717514124294,0.08526833693219353
bebes,moveis_sala,1,2808,414,1.051215204776722e-05,0.00035612535612535614,0.0024154589371980675,0.08182969294080406
beleza_saude,market_place,2,8648,274,2.102430409553444e-05,0.00023126734505087883,0.0072992700729927005,0.08029197080291971
casa_construcao,eletronicos,1,483,2517,1.051215204776722e-05,0.002070393374741201,0.0003972983710766786,0.07824886013205441
construcao_ferramentas_construcao,pet_shop,1,736,1688,1.051215204776722e-05,0.001358695652173913,0.0005924170616113745,0.07656990521327015
cama_mesa_banho,market_place,2,9271,274,2.102430409553444e-05,0.00021572645885017797,0.0072992700729927005,0.0748964473631377
alimentos,beleza_saude,3,441,8648,3.1536456143301656e-05,0.006802721088435374,0.0003469010175763182,0.07482993197278912
industria_comercio_e_negocios,utilidades_domesticas,1,231,5743,1.051215204776722e-05,0.004329004329004329,0.00017412502176562773,0.07170634229662612
ferramentas_jardim,moveis_decoracao,16,3447,6303,0.00016819443276427552,0.004641717435451117,0.0025384737426622245,0.07005510014272472
casa_construcao,utilidades_domesticas,2,483,5743,2.102430409553444e-05,0.004140786749482402,0.00034825004353125546,0.06858867524025107
bebes,livros_interesse_geral,1,2808,495,1.051215204776722e-05,0.00035612535612535614,0.00202020202020202,0.06843937955049066
ferramentas_jardim,moveis_sala,1,3447,414,1.051215204776722e-05,0.0002901073397156948,0.0024154589371980675,0.06666021983689521
brinquedos,papelaria,6,3804,2264,6.307291228660331e-05,0.0015772870662460567,0.00265017667844523,0.06627392404498891
cama_mesa_banho,construcao_ferramentas_seguranca,1,9271,158,1.051215204776722e-05,0.00010786322942508899,0.006329113924050633,0.06494185625791053
bebes,moveis_decoracao,12,2808,6303,0.00012614582457320662,0.004273504273504274,0.0019038553069966682,0.06449784460255664
moveis_decoracao,utilidades_domesticas,24,6303,5743,0.00025229164914641325,0.0038077106139933364,0.0041790005223750655,0.0630715471509591
moveis_cozinha_area_de_servico_jantar_e_jardim,moveis_decoracao,1,241,6303,1.051215204776722e-05,0.004149377593360996,0.00015865460891638903,0.06262446322405915
eletronicos,eletroportateis,1,2517,608,1.051215204776722e-05,0.0003972983710766786,0.001644736842105263,0.06216151224306296
bebes,cama_mesa_banho,17,2808,9271,0.00017870658481204272,0.006054131054131054,0.0018336749002265129,0.06212030837206115
brinquedos,moveis_sala,1,3804,414,1.051215204776722e-05,0.0002628811777076761,0.0024154589371980675,0.06040425283327491
climatizacao,informatica_acessorios,1,246,6529,1.051215204776722e-05,0.0040650406504065045,0.00015316281206922958,0.059227934904559645
livros_tecnicos,moveis_decoracao,1,256,6303,1.051215204776722e-05,0.00390625,0.00015865460891638903,0.05895506108202443
bebes,fashion_bolsas_e_acessorios,3,2808,1821,3.1536456143301656e-05,0.0010683760683760685,0.0016474464579901153,0.055811355646611
casa_construcao,cool_stuff,1,483,3556,1.051215204776722e-05,0.002070393374741201,0.00028121484814398203,0.055385933901119504
consoles_games,pet_shop,1,1018,1688,1.051215204776722e-05,0.0009823182711198428,0.0005924170616113745,0.05535898844495759
cool_stuff,livros_interesse_geral,1,3556,495,1.051215204776722e-05,0.00028121484814398203,0.00202020202020202,0.05404324459442569
ferramentas_jardim,utilidades_domesticas,11,3447,5743,0.00011563367252543941,0.003191180736872643,0.001915375239421905,0.05285924449542413
climatizacao,esporte_lazer,1,246,7528,1.051215204776722e-05,0.0040650406504065045,0.00013283740701381508,0.05136811729435042
cama_mesa_banho,moveis_sala,2,9271,414,2.102430409553444e-05,0.00021572645885017797,0.004830917874396135,0.04956914632246312
brinquedos,cool_stuff,7,3804,3556,7.358506433437053e-05,0.001840168243953733,0.001968503937007874,0.04922708793892877
brinquedos,consoles_games,2,3804,1018,2.102430409553444e-05,0.0005257623554153522,0.0019646365422396855,0.049130374603095904
moveis_decoracao,moveis_escritorio,4,6303,1254,4.204860819106888e-05,0.0006346184356655561,0.003189792663476874,0.04814193185645376
fashion_bolsas_e_acessorios,papelaria,2,1821,2264,2.102430409553444e-05,0.001098297638660077,0.0008833922261484099,0.04614790537564302
cama_mesa_banho,eletrodomesticos_2,1,9271,227,1.051215204776722e-05,0.00010786322942508899,0.004405286343612335,0.04520182065528575
casa_conforto,relogios_presentes,1,392,5493,1.051215204776722e-05,0.002551020408163265,0.0001820498816675769,0.044178676385901165
beleza_saude,livros_tecnicos,1,8648,256,1.051215204776722e-05,0.00011563367252543941,0.00390625,0.04296875
beleza_saude,perfumaria,12,8648,3088,0.00012614582457320662,0.0013876040703052729,0.0038860103626943004,0.042746113989637305
cama_mesa_banho,moveis_cozinha_area_de_servico_jantar_e_jardim,1,9271,241,1.051215204776722e-05,0.00010786322942508899,0.004149377593360996,0.04257598874999944
cama_mesa_banho,construcao_ferramentas_iluminacao,1,9271,242,1.051215204776722e-05,0.00010786322942508899,0.004132231404958678,0.042400054912189525
casa_conforto,utilidades_domesticas,1,392,5743,1.051215204776722e-05,0.002551020408163265,0.00017412502176562773,0.04225552313908325
brinquedos,instrumentos_musicais,1,3804,611,1.051215204776722e-05,0.0002628811777076761,0.0016366612111292963,0.04092857720617973
cama_mesa_banho,moveis_escritorio,5,9271,1254,5.2560760238836095e-05,0.0005393161471254449,0.003987240829346092,0.04091233368720042
automotivo,instrumentos_musicais,1,3809,611,1.051215204776722e-05,0.00026253609871357313,0.0016366612111292963,0.04087485106125169
bebes,ferramentas_jardim,4,2808,3447,4.204860819106888e-05,0.0014245014245014246,0.0011604293588627793,0.03931243733970743
cool_stuff,telefonia,6,3556,4092,6.307291228660331e-05,0.001687289088863892,0.001466275659824047,0.03922493559272833
eletroportateis,telefonia,1,608,4092,1.051215204776722e-05,0.001644736842105263,0.00024437927663734115,0.03823571024335031
eletronicos,malas_acessorios,1,2517,1019,1.051215204776722e-05,0.0003972983710766786,0.0009813542688910696,0.037089498963476235
cama_mesa_banho,utilidades_domesticas,20,9271,5743,0.00021024304095534438,0.0021572645885017797,0.0034825004353125546,0.03573328674473225
brinquedos,construcao_ferramentas_construcao,1,3804,736,1.051215204776722e-05,0.0002628811777076761,0.001358695652173913,0.03397739221871714
ferramentas_jardim,informatica_acessorios,8,3447,6529,8.409721638213776e-05,0.0023208587177255585,0.0012253024965538366,0.033815078587807766
livros_interesse_geral,utilidades_domesticas,1,495,5743,1.051215204776722e-05,0.00202020202020202,0.00017412502176562773,0.03346295973842552
bebes,malas_acessorios,1,2808,1019,1.051215204776722e-05,0.00035612535612535614,0.0009813542688910696,0.033245822254654445
casa_construcao,informatica_acessorios,1,483,6529,1.051215204776722e-05,0.002070393374741201,0.00015316281206922958,0.03016578051039684
bebes,utilidades_domesticas,5,2808,5743,5.2560760238836095e-05,0.0017806267806267807,0.0008706251088281386,0.029494595923291726
papelaria,utilidades_domesticas,4,2264,5743,4.204860819106888e-05,0.0017667844522968198,0.0006965000870625109,0.029265309311873912
eletronicos,informatica_acessorios,5,2517,6529,5.2560760238836095e-05,0.001986491855383393,0.000765814060346148,0.028943329333575036
cama_mesa_banho,cool_stuff,10,9271,3556,0.00010512152047767219,0.0010786322942508899,0.00281214848143982,0.02885493050829546
alimentos,esporte_lazer,1,441,7528,1.051215204776722e-05,0.0022675736961451248,0.00013283740701381508,0.02865432393290295
informatica_acessorios,malas_acessorios,2,6529,1019,2.102430409553444e-05,0.00030632562413845916,0.001962708537782139,0.028596804684046462
instrumentos_musicais,relogios_presentes,1,611,5493,1.051215204776722e-05,0.0016366612111292963,0.0001820498816675769,0.02834376619193659
eletroportateis,utilidades_domesticas,1,608,5743,1.051215204776722e-05,0.001644736842105263,0.00017412502176562773,0.02724369255019841
ferramentas_jardim,malas_acessorios,1,3447,1019,1.051215204776722e-05,0.0002901073397156948,0.0009813542688910696,0.027082758599091872
consoles_games,cool_stuff,1,1018,3556,1.051215204776722e-05,0.0009823182711198428,0.00028121484814398203,0.026278394964873004
eletroportateis,moveis_decoracao,1,608,6303,1.051215204776722e-05,0.001644736842105263,0.00015865460891638903,0.02482318361348397
instrumentos_musicais,moveis_decoracao,1,611,6303,1.051215204776722e-05,0.0016366612111292963,0.00015865460891638903,0.024701302188213183
automotivo,consoles_games,1,3809,1018,1.051215204776722e-05,0.00026253609871357313,0.0009823182711198428,0.02453294105935637
automotivo,malas_acessorios,1,3809,1019,1.051215204776722e-05,0.00026253609871357313,0.0009813542688910696,0.024508865552919316
eletronicos,perfumaria,2,2517,3088,2.102430409553444e-05,0.0007945967421533572,0.0006476683937823834,0.02447810844804552
ferramentas_jardim,papelaria,2,3447,2264,2.102430409553444e-05,0.0005802146794313896,0.0008833922261484099,0.024379267678864502
esporte_lazer,utilidades_domesticas,11,7528,5743,0.00011563367252543941,0.001461211477151966,0.001915375239421905,0.024203748110484456
construcao_ferramentas_construcao,relogios_presentes,1,736,5493,1.051215204776722e-05,0.001358695652173913,0.0001820498816675769,0.023529947205534318
alimentos,cama_mesa_banho,1,441,9271,1.051215204776722e-05,0.0022675736961451248,0.00010786322942508899,0.023267150314625545
malas_acessorios,telefonia,1,1019,4092,1.051215204776722e-05,0.0009813542688910696,0.00024437927663734115,0.02281384870260745
construcao_ferramentas_construcao,utilidades_domesticas,1,736,5743,1.051215204776722e-05,0.001358695652173913,0.00017412502176562773,0.022505659063207385
beleza_saude,malas_acessorios,2,8648,1019,2.102430409553444e-05,0.00023126734505087883,0.001962708537782139,0.021589793915603533
informatica_acessorios,telefonia,6,6529,4092,6.307291228660331e-05,0.0009189768724153775,0.001466275659824047,0.021363741915720928
automotivo,cool_stuff,3,3809,3556,3.1536456143301656e-05,0.0007876082961407193,0.000843644544431946,0.021069629357501223
eletroportateis,esporte_lazer,1,608,7528,1.051215204776722e-05,0.001644736842105263,0.00013283740701381508,0.020783810615806253
construcao_ferramentas_construcao,moveis_decoracao,1,736,6303,1.051215204776722e-05,0.001358695652173913,0.00015865460891638903,0.02050610820244328
cool_stuff,informatica_acessorios,5,3556,6529,5.2560760238836095e-05,0.00140607424071991,0.000765814060346148,0.020486602905682893
beleza_saude,esporte_lazer,14,8648,7528,0.00014717012866874107,0.0016188714153561516,0.0018597236981934113,0.020456960680127523
esporte_lazer,moveis_escritorio,2,7528,1254,2.102430409553444e-05,0.00026567481402763017,0.001594896331738437,0.020153998172903035
construcao_ferramentas_construcao,informatica_acessorios,1,736,6529,1.051215204776722e-05,0.001358695652173913,0.00015316281206922958,0.019796293459947923
beleza_saude,papelaria,4,8648,2264,4.204860819106888e-05,0.00046253469010175765,0.0017667844522968198,0.019434628975265017
moveis_decoracao,relogios_presentes,7,6303,5493,7.358506433437053e-05,0.0011105822624147231,0.0012743491716730383,0.01923310931348767
automotivo,informatica_acessorios,5,3809,6529,5.2560760238836095e-05,0.0013126804935678655,0.000765814060346148,0.019125849286586602
eletronicos,telefonia,2,2517,4092,2.102430409553444e-05,0.0007945967421533572,0.0004887585532746823,0.01847223824231783
automotivo,telefonia,3,3809,4092,3.1536456143301656e-05,0.0007876082961407193,0.0007331378299120235,0.018309775658669196
perfumaria,pet_shop,1,3088,1688,1.051215204776722e-05,0.0003238341968911917,0.0005924170616113745,0.01824982196792967
beleza_saude,eletroportateis,1,8648,608,1.051215204776722e-05,0.00011563367252543941,0.001644736842105263,0.018092105263157895
moveis_decoracao,pet_shop,2,6303,1688,2.102430409553444e-05,0.00031730921783277807,0.001184834123222749,0.017882103835305987
automotivo,bebes,2,3809,2808,2.102430409553444e-05,0.0005250721974271463,0.0007122507122507123,0.01778812962850768
cool_stuff,moveis_decoracao,4,3556,6303,4.204860819106888e-05,0.0011248593925759281,0.0006346184356655561,0.0169769354746887
ferramentas_jardim,pet_shop,1,3447,1688,1.051215204776722e-05,0.0002901073397156948,0.0005924170616113745,0.016349129746726667
consoles_games,utilidades_domesticas,1,1018,5743,1.051215204776722e-05,0.0009823182711198428,0.00017412502176562773,0.01627128199461752
brinquedos,perfumaria,2,3804,3088,2.102430409553444e-05,0.0005257623554153522,0.0006476683937823834,0.016196477119802988
papelaria,relogios_presentes,2,2264,5493,2.102430409553444e-05,0.0008833922261484099,0.0003640997633351538,0.015298622918085916
beleza_saude,construcao_ferramentas_construcao,1,8648,736,1.051215204776722e-05,0.00011563367252543941,0.001358695652173913,0.014945652173913044
automotivo,ferramentas_jardim,2,3809,3447,2.102430409553444e-05,0.0005250721974271463,0.0005802146794313896,0.014490591237844377
consoles_games,informatica_acessorios,1,1018,6529,1.051215204776722e-05,0.0009823182711198428,0.00015316281206922958,0.014312447923891624
cama_mesa_banho,construcao_ferramentas_construcao,1,9271,736,1.051215204776722e-05,0.00010786322942508899,0.001358695652173913,0.01394132240319275
eletronicos,relogios_presentes,2,2517,5493,2.102430409553444e-05,0.0007945967421533572,0.0003640997633351538,0.01376085907292273
automotivo,fashion_bolsas_e_acessorios,1,3809,1821,1.051215204776722e-05,0.00026253609871357313,0.0005491488193300384,0.013714735858552873
moveis_decoracao,papelaria,2,6303,2264,2.102430409553444e-05,0.00031730921783277807,0.0008833922261484099,0.013332593318903052
brinquedos,esporte_lazer,4,3804,7528,4.204860819106888e-05,0.0010515247108307045,0.0005313496280552603,0.013287651792229445
beleza_saude,cama_mesa_banho,11,8648,9271,0.00011563367252543941,0.0012719703977798335,0.001186495523675979,0.013051450760435767
informatica_acessorios,papelaria,2,6529,2264,2.102430409553444e-05,0.00030632562413845916,0.0008833922261484099,0.012871088327315965
consoles_games,esporte_lazer,1,1018,7528,1.051215204776722e-05,0.0009823182711198428,0.00013283740701381508,0.012413120682131828
esporte_lazer,perfumaria,3,7528,3088,3.1536456143301656e-05,0.00039851222104144525,0.0009715025906735751,0.012276447721253435
eletronicos,moveis_decoracao,2,2517,6303,2.102430409553444e-05,0.0007945967421533572,0.00031730921783277807,0.01199244786412257
cama_mesa_banho,ferramentas_jardim,4,9271,3447,4.204860819106888e-05,0.00043145291770035595,0.0011604293588627793,0.011906948986074691
informatica_acessorios,moveis_escritorio,1,6529,1254,1.051215204776722e-05,0.00015316281206922958,0.0007974481658692185,0.01161887718223419
esporte_lazer,relogios_presentes,5,7528,5493,5.2560760238836095e-05,0.0006641870350690755,0.0009102494083378846,0.011502418400154927
esporte_lazer,ferramentas_jardim,3,7528,3447,3.1536456143301656e-05,0.00039851222104144525,0.0008703220191470844,0.010997873676597216
eletronicos,ferramentas_jardim,1,2517,3447,1.051215204776722e-05,0.0003972983710766786,0.0002901073397156948,0.01096437465732007
informatica_acessorios,utilidades_domesticas,4,6529,5743,4.204860819106888e-05,0.0006126512482769183,0.0006965000870625109,0.010148056407119396
ferramentas_jardim,relogios_presentes,2,3447,5493,2.102430409553444e-05,0.0005802146794313896,0.0003640997633351538,0.010048181690323909
automotivo,esporte_lazer,3,3809,7528,3.1536456143301656e-05,0.0007876082961407193,0.00039851222104144525,0.009952657013187347
automotivo,eletronicos,1,3809,2517,1.051215204776722e-05,0.00026253609871357313,0.0003972983710766786,0.009922341675973294
moveis_decoracao,perfumaria,2,6303,3088,2.102430409553444e-05,0.00031730921783277807,0.0006476683937823834,0.00977493240738229
cool_stuff,relogios_presentes,2,3556,5493,2.102430409553444e-05,0.0005624296962879641,0.0003640997633351538,0.009740180620513643
automotivo,utilidades_domesticas,2,3809,5743,2.102430409553444e-05,0.0005250721974271463,0.00034825004353125546,0.008697382552124249
relogios_presentes,telefonia,2,5493,4092,2.102430409553444e-05,0.0003640997633351538,0.0004887585532746823,0.008464340734737662
cama_mesa_banho,eletronicos,2,9271,2517,2.102430409553444e-05,0.00021572645885017797,0.0007945967421533572,0.008153208811084518
automotivo,moveis_decoracao,2,3809,6303,2.102430409553444e-05,0.0005250721974271463,0.00031730921783277807,0.007924649848778291
esporte_lazer,pet_shop,1,7528,1688,1.051215204776722e-05,0.00013283740701381508,0.0005924170616113745,0.007486111880574764
ferramentas_jardim,telefonia,1,3447,4092,1.051215204776722e-05,0.0002901073397156948,0.00024437927663734115,0.006744215789949808
eletronicos,utilidades_domesticas,1,2517,5743,1.051215204776722e-05,0.0003972983710766786,0.00017412502176562773,0.006580915800763065
beleza_saude,pet_shop,1,8648,1688,1.051215204776722e-05,0.00011563367252543941,0.0005924170616113745,0.006516587677725118
beleza_saude,cool_stuff,2,8648,3556,2.102430409553444e-05,0.00023126734505087883,0.0005624296962879641,0.006186726659167604
bebes,relogios_presentes,1,2808,5493,1.051215204776722e-05,0.00035612535612535614,0.0001820498816675769,0.0061673935695417586
brinquedos,telefonia,1,3804,4092,1.051215204776722e-05,0.0002628811777076761,0.00024437927663734115,0.006111280711870923
cama_mesa_banho,pet_shop,1,9271,1688,1.051215204776722e-05,0.00010786322942508899,0.0005924170616113745,0.006078680858264138
beleza_saude,fashion_bolsas_e_acessorios,1,8648,1821,1.051215204776722e-05,0.00011563367252543941,0.0005491488193300384,0.0060406370126304225
relogios_presentes,utilidades_domesticas,2,5493,5743,2.102430409553444e-05,0.0003640997633351538,0.00034825004353125546,0.006031008582020984
esporte_lazer,moveis_decoracao,3,7528,6303,3.1536456143301656e-05,0.00039851222104144525,0.00047596382674916705,0.006014543957358497
beleza_saude,relogios_presentes,3,8648,5493,3.1536456143301656e-05,0.0003469010175763182,0.0005461496450027307,0.006007646095030038
esporte_lazer,informatica_acessorios,3,7528,6529,3.1536456143301656e-05,0.00039851222104144525,0.00045948843620768876,0.005806351748082495
perfumaria,relogios_presentes,1,3088,5493,1.051215204776722e-05,0.0003238341968911917,0.0001820498816675769,0.0056081739453605105
esporte_lazer,papelaria,1,7528,2264,1.051215204776722e-05,0.00013283740701381508,0.00044169611307420494,0.0055815180452341885
brinquedos,cama_mesa_banho,2,3804,9271,2.102430409553444e-05,0.0005257623554153522,0.00021572645885017797,0.005394749363170276
automotivo,cama_mesa_banho,2,3809,9271,2.102430409553444e-05,0.0005250721974271463,0.00021572645885017797,0.005387667780913555
beleza_saude,telefonia,2,8648,4092,2.102430409553444e-05,0.00023126734505087883,0.0004887585532746823,0.005376344086021506
perfumaria,utilidades_domesticas,1,3088,5743,1.051215204776722e-05,0.0003238341968911917,0.00017412502176562773,0.0053640430927851795
beleza_saude,moveis_decoracao,3,8648,6303,3.1536456143301656e-05,0.0003469010175763182,0.00047596382674916705,0.005235602094240838
eletronicos,esporte_lazer,1,2517,7528,1.051215204776722e-05,0.0003972983710766786,0.00013283740701381508,0.005020483454275011
cool_stuff,utilidades_domesticas,1,3556,5743,1.051215204776722e-05,0.00028121484814398203,0.00017412502176562773,0.004658089164938311
brinquedos,relogios_presentes,1,3804,5493,1.051215204776722e-05,0.0002628811777076761,0.0001820498816675769,0.004552587051333663
automotivo,relogios_presentes,1,3809,5493,1.051215204776722e-05,0.00026253609871357313,0.0001820498816675769,0.004546610959116108
bebes,esporte_lazer,1,2808,7528,1.051215204776722e-05,0.00035612535612535614,0.00013283740701381508,0.004500198309975143
bebes,beleza_saude,1,2808,8648,1.051215204776722e-05,0.00035612535612535614,0.00011563367252543941,0.003917378917378918
cool_stuff,esporte_lazer,1,3556,7528,1.051215204776722e-05,0.00028121484814398203,0.00013283740701381508,0.00355358741687576
cama_mesa_banho,perfumaria,1,9271,3088,1.051215204776722e-05,0.00010786322942508899,0.0003238341968911917,0.00332280223081278
beleza_saude,brinquedos,1,8648,3804,1.051215204776722e-05,0.00011563367252543941,0.0002628811777076761,0.0028916929547844372
automotivo,beleza_saude,1,3809,8648,1.051215204776722e-05,0.00026253609871357313,0.00011563367252543941,0.002887897085849304
informatica_acessorios,relogios_presentes,1,6529,5493,1.051215204776722e-05,0.00015316281206922958,0.0001820498816675769,0.002652479881034348
informatica_acessorios,moveis_decoracao,1,6529,6303,1.051215204776722e-05,0.00015316281206922958,0.00015865460891638903,0.0023116090729052314
beleza_saude,utilidades_domesticas,1,8648,5743,1.051215204776722e-05,0.00011563367252543941,0.00017412502176562773,0.001915375239421905
beleza_saude,informatica_acessorios,1,8648,6529,1.051215204776722e-05,0.00011563367252543941,0.00015316281206922958,0.0016847909327615256
cama_mesa_banho,informatica_acessorios,1,9271,6529,1.051215204776722e-05,0.00010786322942508899,0.00015316281206922958,0.0015715750174222492
cama_mesa_banho,esporte_lazer,1,9271,7528,1.051215204776722e-05,0.00010786322942508899,0.00013283740701381508,0.0013630198311304284
